date,precipitacao_mm,temp_media_c,umidade_pct
2021-01-01,2.0,26.7,76
2021-01-02,1.5,26.6,76
2021-01-03,0.8,26.8,75
2021-01-04,1.8,26.1,79
2021-01-05,0.0,26.5,72
2021-01-06,0.9,26.9,71
2021-01-07,0.6,27.2,70
2021-01-08,0.1,27.3,71
2021-01-09,0.9,27.2,71
2021-01-10,1.5,27.1,72
2021-01-11,1.8,27.3,71
2021-01-12,2.6,27.0,73
2021-01-13,1.9,26.8,74
2021-01-14,1.0,27.0,72
2021-01-15,2.0,27.1,71
2021-01-16,0.2,27.1,67
2021-01-17,1.9,26.8,71
2021-01-18,4.1,25.7,82
2021-01-19,3.2,26.3,78
2021-01-20,3.3,26.4,80
2021-01-21,2.9,26.5,76
2021-01-22,2.8,26.6,74
2021-01-23,2.5,26.5,75
2021-01-24,2.1,26.4,78
2021-01-25,0.9,26.7,73
2021-01-26,3.5,25.9,81
2021-01-27,5.0,25.6,83
2021-01-28,2.1,26.4,77
2021-01-29,3.1,26.6,78
2021-01-30,1.7,27.1,74
2021-01-31,0.9,26.9,75
2021-02-01,1.4,26.9,75
2021-02-02,1.0,26.9,76
2021-02-03,1.5,26.9,75
2021-02-04,1.0,26.8,77
2021-02-05,0.2,27.3,75
2021-02-06,0.0,27.5,75
2021-02-07,0.0,27.5,74
2021-02-08,0.0,27.4,73
2021-02-09,0.0,27.5,72
2021-02-10,2.8,27.2,77
2021-02-11,2.1,27.5,72
2021-02-12,1.3,27.5,72
2021-02-13,5.3,26.4,82
2021-02-14,3.2,26.4,82
2021-02-15,3.3,26.6,83
2021-02-16,2.6,27.4,78
2021-02-17,1.5,27.2,75
2021-02-18,0.2,27.4,71
2021-02-19,0.1,27.1,75
2021-02-20,0.8,27.5,72
2021-02-21,0.9,27.6,73
2021-02-22,0.0,27.7,67
2021-02-23,1.9,27.3,73
2021-02-24,2.0,27.6,75
2021-02-25,4.6,26.9,80
2021-02-26,12.2,25.6,86
2021-02-27,4.1,25.5,85
2021-02-28,7.9,25.7,85
2021-03-01,10.6,24.9,90
2021-03-02,3.1,26.7,76
2021-03-03,1.1,26.8,77
2021-03-04,4.7,26.5,81
2021-03-05,3.6,26.4,82
2021-03-06,0.8,27.0,78
2021-03-07,0.0,27.1,77
2021-03-08,2.9,27.1,80
2021-03-09,1.8,26.8,80
2021-03-10,0.5,27.1,77
2021-03-11,1.7,27.3,77
2021-03-12,1.5,27.1,75
2021-03-13,2.5,26.9,75
2021-03-14,0.4,27.3,69
2021-03-15,2.3,26.4,78
2021-03-16,1.4,26.4,76
2021-03-17,0.0,27.1,69
2021-03-18,2.6,26.2,81
2021-03-19,1.6,27.4,75
2021-03-20,3.2,26.7,76
2021-03-21,5.6,25.8,83
2021-03-22,2.0,26.3,81
2021-03-23,3.1,26.2,82
2021-03-24,7.5,25.3,88
2021-03-25,3.1,27.0,74
2021-03-26,8.0,25.9,84
2021-03-27,9.7,25.7,88
2021-03-28,5.1,25.9,88
2021-03-29,2.2,26.2,88
2021-03-30,2.0,26.7,84
2021-03-31,0.8,27.3,79
2021-04-01,2.4,27.1,80
2021-04-02,0.0,27.1,73
2021-04-03,3.5,26.2,84
2021-04-04,6.5,26.0,89
2021-04-05,1.8,27.0,77
2021-04-06,0.6,26.7,77
2021-04-07,0.9,27.0,75
2021-04-08,2.1,27.2,75
2021-04-09,4.1,26.8,78
2021-04-10,8.1,25.4,91
2021-04-11,9.1,25.4,90
2021-04-12,2.6,25.7,88
2021-04-13,5.9,26.3,86
2021-04-14,7.3,26.0,88
2021-04-15,9.7,25.3,89
2021-04-16,1.6,26.0,86
2021-04-17,9.0,25.7,87
2021-04-18,12.8,25.0,90
2021-04-19,2.0,26.1,85
2021-04-20,1.7,26.1,87
2021-04-21,1.3,26.8,80
2021-04-22,1.4,26.8,85
2021-04-23,1.1,26.9,82
2021-04-24,1.9,26.7,80
2021-04-25,1.5,26.0,85
2021-04-26,2.9,26.4,84
2021-04-27,2.3,26.4,82
2021-04-28,3.7,26.0,89
2021-04-29,4.9,26.5,84
2021-04-30,7.4,25.8,84
2021-05-01,4.8,25.6,86
2021-05-02,4.7,25.1,87
2021-05-03,6.2,25.1,87
2021-05-04,9.9,25.1,90
2021-05-05,6.8,25.1,88
2021-05-06,2.8,25.5,85
2021-05-07,1.9,25.6,86
2021-05-08,3.5,25.5,86
2021-05-09,8.1,24.9,89
2021-05-10,7.9,25.2,86
2021-05-11,7.2,24.9,88
2021-05-12,9.4,25.3,88
2021-05-13,23.5,25.1,91
2021-05-14,17.0,25.1,90
2021-05-15,2.5,26.1,80
2021-05-16,0.6,25.8,80
2021-05-17,0.8,25.4,80
2021-05-18,0.9,25.2,83
2021-05-19,3.8,25.6,84
2021-05-20,0.6,25.5,84
2021-05-21,3.5,25.9,82
2021-05-22,0.7,26.2,75
2021-05-23,0.4,25.7,78
2021-05-24,2.8,25.9,81
2021-05-25,1.4,25.8,78
2021-05-26,2.6,26.2,75
2021-05-27,9.6,25.1,86
2021-05-28,7.1,25.5,83
2021-05-29,1.1,25.9,75
2021-05-30,5.3,24.4,92
2021-05-31,6.8,25.3,88
2021-06-01,2.4,25.7,77
2021-06-02,0.0,25.6,76
2021-06-03,2.1,25.2,82
2021-06-04,3.7,25.4,83
2021-06-05,4.8,25.0,86
2021-06-06,4.6,25.4,82
2021-06-07,4.0,25.0,85
2021-06-08,6.1,24.3,90
2021-06-09,14.2,24.5,88
2021-06-10,4.4,25.1,82
2021-06-11,0.0,24.4,84
2021-06-12,0.0,24.6,82
2021-06-13,0.0,24.6,82
2021-06-14,1.8,24.4,86
2021-06-15,3.0,24.5,88
2021-06-16,2.7,24.6,86
2021-06-17,2.8,24.6,88
2021-06-18,10.8,23.6,88
2021-06-19,4.3,23.8,85
2021-06-20,1.6,24.1,86
2021-06-21,1.9,25.1,82
2021-06-22,1.8,25.3,80
2021-06-23,4.0,24.2,88
2021-06-24,19.6,24.0,88
2021-06-25,2.8,24.2,81
2021-06-26,0.2,24.2,74
2021-06-27,3.8,23.3,87
2021-06-28,2.2,23.6,82
2021-06-29,2.7,23.6,84
2021-06-30,16.3,23.6,92
2021-07-01,4.1,25.1,84
2021-07-02,4.8,24.4,87
2021-07-03,6.0,24.4,84
2021-07-04,2.9,24.8,79
2021-07-05,2.0,24.6,82
2021-07-06,1.1,24.2,83
2021-07-07,0.2,24.4,81
2021-07-08,3.0,24.3,82
2021-07-09,2.4,25.1,80
2021-07-10,4.6,24.2,89
2021-07-11,3.8,25.0,80
2021-07-12,2.3,25.0,80
2021-07-13,0.6,25.2,75
2021-07-14,5.0,24.7,83
2021-07-15,6.7,24.8,85
2021-07-16,6.6,23.8,92
2021-07-17,6.8,23.5,93
2021-07-18,0.9,24.5,86
2021-07-19,3.0,24.2,88
2021-07-20,0.8,25.3,77
2021-07-21,9.7,24.4,83
2021-07-22,2.6,24.9,75
2021-07-23,5.1,24.2,81
2021-07-24,1.7,24.6,75
2021-07-25,5.5,23.5,89
2021-07-26,5.1,24.7,81
2021-07-27,3.1,24.6,83
2021-07-28,1.0,24.8,84
2021-07-29,0.7,24.6,85
2021-07-30,2.8,24.3,85
2021-07-31,5.9,24.3,83
2021-08-01,5.7,23.5,86
2021-08-02,10.3,23.2,88
2021-08-03,7.8,23.1,90
2021-08-04,6.9,22.8,91
2021-08-05,11.7,23.4,88
2021-08-06,1.6,24.7,75
2021-08-07,5.4,24.2,78
2021-08-08,4.3,24.2,77
2021-08-09,12.2,23.7,92
2021-08-10,12.4,23.7,90
2021-08-11,6.9,23.7,91
2021-08-12,2.6,24.3,82
2021-08-13,3.3,23.7,81
2021-08-14,1.8,23.4,83
2021-08-15,4.9,23.9,81
2021-08-16,2.3,22.9,84
2021-08-17,3.1,23.8,82
2021-08-18,1.1,24.5,74
2021-08-19,3.7,23.9,85
2021-08-20,6.8,24.0,81
2021-08-21,4.7,23.6,84
2021-08-22,7.2,24.5,83
2021-08-23,12.3,24.1,88
2021-08-24,4.6,24.4,84
2021-08-25,2.5,24.5,80
2021-08-26,2.0,24.9,78
2021-08-27,0.3,25.3,72
2021-08-28,2.8,25.1,78
2021-08-29,5.2,24.5,88
2021-08-30,2.1,25.1,78
2021-08-31,3.4,24.6,78
2021-09-01,9.1,24.1,79
2021-09-02,1.0,23.9,82
2021-09-03,3.4,24.3,85
2021-09-04,3.8,25.1,84
2021-09-05,2.7,24.9,85
2021-09-06,1.9,25.1,78
2021-09-07,0.7,25.0,80
2021-09-08,2.5,25.1,78
2021-09-09,3.1,24.6,82
2021-09-10,0.3,25.0,77
2021-09-11,0.6,25.5,74
2021-09-12,3.0,25.4,81
2021-09-13,5.5,25.2,83
2021-09-14,3.1,25.3,84
2021-09-15,2.9,25.6,81
2021-09-16,3.7,25.4,80
2021-09-17,3.0,24.6,84
2021-09-18,0.4,25.3,71
2021-09-19,0.0,25.2,72
2021-09-20,0.1,25.5,74
2021-09-21,0.0,25.3,77
2021-09-22,0.6,25.9,82
2021-09-23,0.9,26.2,81
2021-09-24,4.7,25.0,86
2021-09-25,6.5,25.1,84
2021-09-26,6.9,25.4,83
2021-09-27,3.9,25.6,80
2021-09-28,5.7,25.4,81
2021-09-29,11.7,25.0,87
2021-09-30,6.6,25.2,87
2021-10-01,4.0,25.6,86
2021-10-02,4.5,25.5,84
2021-10-03,1.6,25.9,78
2021-10-04,2.9,25.3,80
2021-10-05,3.3,25.5,79
2021-10-06,3.7,25.5,84
2021-10-07,2.1,25.6,83
2021-10-08,0.8,25.9,79
2021-10-09,1.2,25.7,80
2021-10-10,1.4,25.4,82
2021-10-11,0.0,26.3,76
2021-10-12,0.3,26.5,74
2021-10-13,0.0,26.9,69
2021-10-14,4.9,26.6,79
2021-10-15,1.6,26.5,77
2021-10-16,5.5,26.3,78
2021-10-17,1.8,26.3,77
2021-10-18,2.2,26.1,79
2021-10-19,1.4,26.2,79
2021-10-20,0.3,26.6,79
2021-10-21,1.7,26.6,81
2021-10-22,1.9,26.7,79
2021-10-23,2.8,26.5,80
2021-10-24,2.1,26.9,74
2021-10-25,2.4,26.6,76
2021-10-26,3.8,26.0,75
2021-10-27,4.7,25.5,77
2021-10-28,2.3,26.0,75
2021-10-29,4.5,25.3,78
2021-10-30,0.0,26.1,72
2021-10-31,1.1,26.5,74
2021-11-01,1.0,26.9,74
2021-11-02,2.8,26.7,78
2021-11-03,0.7,27.2,76
2021-11-04,0.1,27.5,72
2021-11-05,0.1,27.5,74
2021-11-06,0.3,27.6,75
2021-11-07,1.2,27.6,75
2021-11-08,0.7,27.5,75
2021-11-09,1.2,27.3,72
2021-11-10,3.0,27.0,73
2021-11-11,5.4,26.4,80
2021-11-12,3.4,26.7,82
2021-11-13,3.3,26.9,79
2021-11-14,2.4,27.0,76
2021-11-15,4.7,26.6,77
2021-11-16,2.5,27.2,73
2021-11-17,1.1,27.0,71
2021-11-18,4.4,26.6,76
2021-11-19,4.3,26.8,76
2021-11-20,2.8,26.4,78
2021-11-21,0.9,27.1,73
2021-11-22,1.4,27.4,73
2021-11-23,1.0,27.3,74
2021-11-24,0.9,27.3,76
2021-11-25,2.0,27.5,76
2021-11-26,2.8,27.0,77
2021-11-27,2.2,27.4,76
2021-11-28,2.4,27.2,76
2021-11-29,3.0,27.5,77
2021-11-30,0.9,27.6,76
2021-12-01,3.3,27.4,76
2021-12-02,0.5,27.7,72
2021-12-03,1.1,27.9,73
2021-12-04,12.7,26.0,83
2021-12-05,8.3,26.6,80
2021-12-06,0.8,27.3,74
2021-12-07,1.0,27.2,73
2021-12-08,1.9,27.2,76
2021-12-09,3.0,27.2,78
2021-12-10,4.0,26.5,80
2021-12-11,2.6,26.7,76
2021-12-12,3.6,26.7,77
2021-12-13,4.8,25.9,81
2021-12-14,1.2,27.0,76
2021-12-15,3.1,26.5,77
2021-12-16,8.1,26.1,79
2021-12-17,3.9,26.5,78
2021-12-18,4.2,26.7,78
2021-12-19,1.1,26.9,76
2021-12-20,1.1,27.2,78
2021-12-21,2.1,26.7,80
2021-12-22,1.2,27.2,76
2021-12-23,1.7,26.9,79
2021-12-24,0.1,27.6,76
2021-12-25,0.9,27.4,79
2021-12-26,11.7,25.3,88
2021-12-27,3.6,26.2,85
2021-12-28,2.6,26.6,80
2021-12-29,0.6,26.6,77
2021-12-30,1.9,26.5,77
2021-12-31,1.1,27.2,72
2022-01-01,2.2,27.0,76
2022-01-02,2.9,26.9,76
2022-01-03,0.5,26.3,77
2022-01-04,1.0,27.1,73
2022-01-05,3.8,26.7,75
2022-01-06,2.2,26.9,77
2022-01-07,2.3,26.9,77
2022-01-08,1.4,27.4,73
2022-01-09,0.5,27.5,73
2022-01-10,5.5,26.4,82
2022-01-11,3.9,26.0,83
2022-01-12,7.9,25.8,82
2022-01-13,6.1,25.6,85
2022-01-14,13.5,25.0,86
2022-01-15,39.2,24.7,89
2022-01-16,0.9,25.9,82
2022-01-17,1.9,26.6,79
2022-01-18,1.0,27.1,75
2022-01-19,0.1,26.9,74
2022-01-20,1.3,26.3,81
2022-01-21,2.2,26.2,81
2022-01-22,1.6,26.7,79
2022-01-23,1.0,26.4,81
2022-01-24,0.6,27.3,76
2022-01-25,1.6,27.5,74
2022-01-26,11.1,26.9,76
2022-01-27,7.0,25.9,84
2022-01-28,23.4,25.0,85
2022-01-29,9.7,24.5,88
2022-01-30,1.6,26.5,81
2022-01-31,3.2,27.1,77
2022-02-01,2.9,26.6,79
2022-02-02,0.8,27.0,77
2022-02-03,1.5,27.1,78
2022-02-04,0.0,27.4,71
2022-02-05,1.0,27.1,72
2022-02-06,0.4,27.2,71
2022-02-07,0.0,27.6,69
2022-02-08,0.1,27.6,70
2022-02-09,0.4,27.3,74
2022-02-10,0.0,27.8,68
2022-02-11,1.7,27.8,73
2022-02-12,0.8,27.1,78
2022-02-13,1.1,27.6,75
2022-02-14,0.7,27.8,72
2022-02-15,1.6,27.5,73
2022-02-16,1.1,26.8,76
2022-02-17,1.6,26.7,76
2022-02-18,1.8,26.2,80
2022-02-19,3.8,26.2,82
2022-02-20,2.7,26.8,77
2022-02-21,1.5,27.4,74
2022-02-22,0.5,27.3,74
2022-02-23,1.0,26.7,77
2022-02-24,2.4,27.6,73
2022-02-25,5.1,27.4,76
2022-02-26,0.6,27.6,73
2022-02-27,4.1,27.0,76
2022-02-28,2.4,26.6,78
2022-03-01,0.7,27.9,70
2022-03-02,3.3,26.8,82
2022-03-03,0.8,27.0,82
2022-03-04,13.6,25.7,86
2022-03-05,30.7,24.8,89
2022-03-06,3.1,26.4,79
2022-03-07,0.4,27.2,73
2022-03-08,1.3,26.5,80
2022-03-09,2.0,27.4,75
2022-03-10,4.4,27.1,78
2022-03-11,1.1,27.0,77
2022-03-12,1.6,26.4,82
2022-03-13,2.4,26.5,82
2022-03-14,6.4,26.1,85
2022-03-15,6.8,26.4,84
2022-03-16,15.1,25.5,87
2022-03-17,5.1,26.2,84
2022-03-18,6.1,26.7,79
2022-03-19,2.9,26.1,82
2022-03-20,1.7,26.6,81
2022-03-21,10.9,25.7,86
2022-03-22,10.0,25.5,88
2022-03-23,12.2,25.5,88
2022-03-24,6.3,25.9,85
2022-03-25,6.2,25.9,85
2022-03-26,10.8,25.5,87
2022-03-27,13.7,25.2,89
2022-03-28,6.9,26.5,84
2022-03-29,2.3,26.1,86
2022-03-30,1.0,26.6,82
2022-03-31,2.7,26.1,85
2022-04-01,0.9,26.8,78
2022-04-02,6.1,26.6,79
2022-04-03,11.7,25.8,85
2022-04-04,3.3,26.9,74
2022-04-05,1.8,26.6,77
2022-04-06,2.0,26.1,82
2022-04-07,1.9,26.3,83
2022-04-08,3.8,25.7,86
2022-04-09,4.3,26.5,83
2022-04-10,0.5,26.9,81
2022-04-11,0.2,27.0,76
2022-04-12,1.9,26.7,80
2022-04-13,0.5,26.3,84
2022-04-14,0.2,26.8,80
2022-04-15,0.1,27.7,77
2022-04-16,1.6,27.5,81
2022-04-17,8.3,26.2,84
2022-04-18,1.1,27.1,76
2022-04-19,3.8,26.2,81
2022-04-20,22.4,25.4,87
2022-04-21,0.6,26.3,80
2022-04-22,1.5,25.9,84
2022-04-23,3.6,25.5,87
2022-04-24,12.3,25.7,84
2022-04-25,9.4,24.6,89
2022-04-26,4.2,26.0,79
2022-04-27,1.4,27.0,74
2022-04-28,4.2,25.6,85
2022-04-29,4.5,25.6,81
2022-04-30,1.3,25.8,78
2022-05-01,3.9,26.3,78
2022-05-02,7.6,25.8,86
2022-05-03,4.2,26.0,85
2022-05-04,6.3,26.5,82
2022-05-05,4.7,27.1,79
2022-05-06,6.9,26.4,79
2022-05-07,5.9,26.1,80
2022-05-08,2.1,25.3,84
2022-05-09,3.2,25.4,82
2022-05-10,1.7,25.6,82
2022-05-11,4.0,25.1,86
2022-05-12,1.2,26.0,82
2022-05-13,3.5,26.2,82
2022-05-14,3.1,26.2,81
2022-05-15,7.9,26.0,83
2022-05-16,1.4,26.4,83
2022-05-17,3.3,26.5,85
2022-05-18,0.0,27.0,79
2022-05-19,0.3,26.8,82
2022-05-20,7.7,25.5,88
2022-05-21,3.9,25.2,86
2022-05-22,6.5,25.4,82
2022-05-23,27.4,24.4,88
2022-05-24,28.3,24.1,90
2022-05-25,34.6,23.8,91
2022-05-26,26.3,24.1,90
2022-05-27,26.9,24.0,90
2022-05-28,120.3,23.6,92
2022-05-29,45.5,23.3,90
2022-05-30,17.8,24.8,89
2022-05-31,21.0,24.4,90
2022-06-01,8.4,24.4,88
2022-06-02,2.8,24.8,88
2022-06-03,26.9,24.2,91
2022-06-04,6.9,23.8,90
2022-06-05,2.7,24.8,84
2022-06-06,11.1,23.9,88
2022-06-07,27.1,24.4,88
2022-06-08,0.7,24.5,86
2022-06-09,2.8,24.5,86
2022-06-10,4.2,25.0,87
2022-06-11,10.0,23.9,90
2022-06-12,0.1,24.6,87
2022-06-13,0.4,25.0,83
2022-06-14,2.1,24.4,86
2022-06-15,3.1,24.4,85
2022-06-16,5.6,24.2,88
2022-06-17,1.0,24.1,83
2022-06-18,0.0,24.6,84
2022-06-19,1.7,25.2,81
2022-06-20,17.1,25.0,83
2022-06-21,0.0,26.2,69
2022-06-22,85.7,23.5,91
2022-06-23,8.7,24.2,87
2022-06-24,9.1,24.7,82
2022-06-25,0.9,23.8,82
2022-06-26,0.7,24.0,84
2022-06-27,3.1,24.1,83
2022-06-28,2.8,24.3,81
2022-06-29,3.5,24.0,84
2022-06-30,5.0,24.6,87
2022-07-01,16.4,24.3,89
2022-07-02,22.4,24.4,86
2022-07-03,2.8,25.4,77
2022-07-04,31.3,24.5,83
2022-07-05,7.5,24.4,81
2022-07-06,4.7,25.2,79
2022-07-07,22.7,24.2,86
2022-07-08,11.8,24.5,81
2022-07-09,6.4,24.5,80
2022-07-10,2.8,25.3,73
2022-07-11,2.1,24.8,79
2022-07-12,0.1,25.1,80
2022-07-13,3.0,24.8,81
2022-07-14,2.8,24.4,80
2022-07-15,1.1,23.9,82
2022-07-16,7.3,23.7,86
2022-07-17,8.4,24.1,82
2022-07-18,2.3,24.4,80
2022-07-19,3.8,24.5,77
2022-07-20,9.5,24.5,79
2022-07-21,14.8,23.4,88
2022-07-22,8.2,24.1,85
2022-07-23,2.2,24.7,79
2022-07-24,1.7,24.8,75
2022-07-25,2.0,23.7,79
2022-07-26,5.0,23.1,83
2022-07-27,3.2,23.6,83
2022-07-28,0.8,23.7,85
2022-07-29,0.7,24.5,85
2022-07-30,3.5,24.1,87
2022-07-31,3.0,24.5,83
2022-08-01,1.0,24.9,75
2022-08-02,21.6,24.0,87
2022-08-03,37.4,23.8,92
2022-08-04,13.7,24.5,83
2022-08-05,4.2,24.7,78
2022-08-06,0.6,24.6,78
2022-08-07,11.8,24.2,80
2022-08-08,0.9,24.8,72
2022-08-09,1.6,23.9,81
2022-08-10,0.2,24.1,80
2022-08-11,3.2,24.5,84
2022-08-12,3.9,25.0,81
2022-08-13,3.9,25.0,74
2022-08-14,1.7,24.8,70
2022-08-15,3.0,24.9,67
2022-08-16,0.3,25.6,64
2022-08-17,4.5,24.3,79
2022-08-18,1.2,24.6,73
2022-08-19,2.2,23.8,78
2022-08-20,1.3,23.7,74
2022-08-21,4.7,23.2,82
2022-08-22,9.6,22.8,88
2022-08-23,18.8,23.3,89
2022-08-24,6.2,23.9,80
2022-08-25,3.5,24.1,74
2022-08-26,0.8,24.2,75
2022-08-27,12.5,23.2,85
2022-08-28,2.6,23.8,83
2022-08-29,3.0,23.7,82
2022-08-30,1.1,23.8,79
2022-08-31,2.6,23.4,80
2022-09-01,2.1,23.6,79
2022-09-02,4.3,24.1,79
2022-09-03,0.5,24.9,71
2022-09-04,5.2,24.3,79
2022-09-05,8.8,23.4,87
2022-09-06,6.0,24.1,81
2022-09-07,1.3,24.2,72
2022-09-08,1.0,24.3,72
2022-09-09,0.2,24.3,76
2022-09-10,3.5,23.5,83
2022-09-11,2.4,24.2,80
2022-09-12,0.2,24.7,77
2022-09-13,1.0,24.8,77
2022-09-14,4.0,24.2,85
2022-09-15,1.3,25.0,76
2022-09-16,0.0,25.3,66
2022-09-17,0.6,24.6,77
2022-09-18,4.3,24.4,82
2022-09-19,0.0,25.2,72
2022-09-20,1.6,24.9,77
2022-09-21,0.5,25.4,75
2022-09-22,2.8,25.2,80
2022-09-23,0.6,25.7,79
2022-09-24,0.9,25.9,76
2022-09-25,2.5,25.3,73
2022-09-26,1.0,25.5,71
2022-09-27,0.1,25.2,71
2022-09-28,0.8,25.2,73
2022-09-29,1.3,25.4,75
2022-09-30,0.2,25.9,72
2022-10-01,1.4,25.2,76
2022-10-02,2.2,24.4,81
2022-10-03,0.4,25.5,71
2022-10-04,0.4,26.0,68
2022-10-05,1.3,25.9,77
2022-10-06,2.9,25.2,84
2022-10-07,4.3,25.7,82
2022-10-08,2.4,25.8,81
2022-10-09,4.1,26.2,79
2022-10-10,3.7,25.9,78
2022-10-11,2.7,25.4,77
2022-10-12,2.0,25.5,73
2022-10-13,3.9,25.0,80
2022-10-14,2.0,25.2,77
2022-10-15,3.8,24.7,82
2022-10-16,4.0,24.7,81
2022-10-17,5.1,24.9,78
2022-10-18,2.6,25.6,76
2022-10-19,1.0,25.7,73
2022-10-20,1.4,25.6,69
2022-10-21,0.5,26.0,71
2022-10-22,3.0,25.9,77
2022-10-23,0.3,26.6,73
2022-10-24,2.0,26.4,75
2022-10-25,2.6,26.3,74
2022-10-26,0.7,26.4,71
2022-10-27,1.3,26.5,73
2022-10-28,0.6,26.8,70
2022-10-29,0.3,26.7,70
2022-10-30,1.4,26.1,74
2022-10-31,2.9,26.0,76
2022-11-01,0.4,26.9,72
2022-11-02,0.0,27.1,69
2022-11-03,0.0,27.4,66
2022-11-04,0.5,27.2,73
2022-11-05,4.5,25.7,80
2022-11-06,2.0,25.8,81
2022-11-07,2.2,25.9,80
2022-11-08,1.2,26.5,76
2022-11-09,1.4,26.6,74
2022-11-10,0.4,26.7,73
2022-11-11,2.7,25.8,81
2022-11-12,6.8,25.5,84
2022-11-13,3.2,25.9,81
2022-11-14,2.9,26.2,79
2022-11-15,2.8,25.9,81
2022-11-16,2.1,26.3,77
2022-11-17,1.8,26.3,77
2022-11-18,1.9,26.0,79
2022-11-19,0.5,26.5,75
2022-11-20,3.2,26.4,73
2022-11-21,2.1,26.4,71
2022-11-22,5.6,25.0,82
2022-11-23,1.4,26.6,73
2022-11-24,1.4,26.3,77
2022-11-25,0.4,27.0,74
2022-11-26,1.7,26.7,77
2022-11-27,0.8,26.8,75
2022-11-28,1.0,27.0,73
2022-11-29,0.9,27.0,71
2022-11-30,7.9,25.7,82
2022-12-01,1.0,26.6,75
2022-12-02,0.6,26.6,73
2022-12-03,1.2,26.1,77
2022-12-04,10.1,25.6,78
2022-12-05,10.2,25.0,84
2022-12-06,1.9,26.3,73
2022-12-07,1.9,26.3,75
2022-12-08,1.5,26.3,77
2022-12-09,1.9,26.3,80
2022-12-10,0.9,26.8,78
2022-12-11,2.4,26.4,79
2022-12-12,0.9,26.5,77
2022-12-13,0.3,26.8,76
2022-12-14,0.0,27.1,75
2022-12-15,0.4,27.1,74
2022-12-16,1.1,27.0,71
2022-12-17,1.0,26.7,70
2022-12-18,0.0,27.2,64
2022-12-19,1.3,26.5,71
2022-12-20,0.2,27.3,69
2022-12-21,0.2,27.5,70
2022-12-22,0.5,27.5,71
2022-12-23,0.6,27.1,74
2022-12-24,5.1,25.9,78
2022-12-25,1.9,26.7,73
2022-12-26,1.8,27.1,70
2022-12-27,2.6,26.6,75
2022-12-28,3.2,26.7,75
2022-12-29,2.7,26.8,75
2022-12-30,3.8,26.9,74
2022-12-31,3.6,26.6,73
2023-01-01,10.2,24.8,86
2023-01-02,6.6,25.8,79
2023-01-03,2.8,26.8,73
2023-01-04,0.0,26.8,76
2023-01-05,0.3,26.9,74
2023-01-06,0.0,26.5,78
2023-01-07,0.9,26.9,74
2023-01-08,0.7,27.2,70
2023-01-09,1.5,26.8,75
2023-01-10,2.0,27.0,73
2023-01-11,2.2,26.9,72
2023-01-12,0.9,27.1,72
2023-01-13,3.1,26.7,78
2023-01-14,3.4,27.0,74
2023-01-15,5.3,25.2,83
2023-01-16,0.7,25.7,79
2023-01-17,3.2,25.3,83
2023-01-18,15.3,24.7,86
2023-01-19,6.3,25.4,84
2023-01-20,3.0,26.1,78
2023-01-21,0.0,26.8,74
2023-01-22,0.4,27.0,76
2023-01-23,3.0,26.5,81
2023-01-24,3.8,26.2,78
2023-01-25,0.2,26.4,74
2023-01-26,0.7,26.9,75
2023-01-27,0.8,26.9,76
2023-01-28,0.7,27.3,69
2023-01-29,0.2,27.2,68
2023-01-30,1.4,27.2,70
2023-01-31,0.7,27.9,65
2023-02-01,3.0,27.0,72
2023-02-02,0.3,27.4,71
2023-02-03,0.1,27.9,65
2023-02-04,4.3,27.1,74
2023-02-05,6.8,26.2,84
2023-02-06,15.1,25.3,84
2023-02-07,1.0,26.8,66
2023-02-08,1.2,26.5,73
2023-02-09,4.9,26.2,82
2023-02-10,4.8,26.8,78
2023-02-11,1.0,26.6,75
2023-02-12,2.0,26.9,77
2023-02-13,1.9,27.3,76
2023-02-14,3.3,26.9,78
2023-02-15,4.4,26.4,81
2023-02-16,2.1,27.3,76
2023-02-17,1.8,27.4,74
2023-02-18,0.3,27.5,70
2023-02-19,2.2,26.8,79
2023-02-20,1.5,27.4,74
2023-02-21,0.4,27.8,71
2023-02-22,22.4,25.8,84
2023-02-23,4.4,25.3,86
2023-02-24,1.7,25.9,84
2023-02-25,1.4,26.1,83
2023-02-26,2.7,27.1,77
2023-02-27,2.8,27.2,77
2023-02-28,1.7,27.2,76
2023-03-01,3.5,27.0,78
2023-03-02,2.0,27.2,75
2023-03-03,0.2,27.7,70
2023-03-04,0.3,27.6,72
2023-03-05,0.6,27.6,73
2023-03-06,1.5,28.0,69
2023-03-07,1.2,28.0,69
2023-03-08,1.9,27.7,71
2023-03-09,0.1,28.0,68
2023-03-10,1.0,27.6,72
2023-03-11,1.4,27.4,75
2023-03-12,2.1,27.5,76
2023-03-13,7.9,27.0,79
2023-03-14,10.1,26.7,76
2023-03-15,2.2,25.9,81
2023-03-16,5.6,25.3,84
2023-03-17,2.2,25.8,85
2023-03-18,11.8,25.1,87
2023-03-19,4.3,25.3,84
2023-03-20,2.3,26.1,83
2023-03-21,5.7,25.4,86
2023-03-22,4.5,25.3,85
2023-03-23,3.0,26.2,80
2023-03-24,2.1,26.2,83
2023-03-25,3.0,25.9,84
2023-03-26,7.1,26.4,81
2023-03-27,1.8,26.2,80
2023-03-28,1.1,26.6,79
2023-03-29,15.2,25.2,87
2023-03-30,8.5,25.8,81
2023-03-31,1.1,25.9,80
2023-04-01,0.1,26.3,79
2023-04-02,0.2,26.7,79
2023-04-03,0.3,26.7,78
2023-04-04,8.6,25.5,86
2023-04-05,3.0,26.0,82
2023-04-06,1.2,27.0,76
2023-04-07,1.2,26.5,83
2023-04-08,13.8,25.7,88
2023-04-09,9.0,26.1,86
2023-04-10,1.4,26.7,80
2023-04-11,0.0,27.0,76
2023-04-12,1.1,26.9,78
2023-04-13,3.0,26.9,75
2023-04-14,1.7,26.4,79
2023-04-15,0.3,27.6,74
2023-04-16,1.9,26.1,84
2023-04-17,2.0,26.2,86
2023-04-18,1.6,26.3,86
2023-04-19,0.7,27.0,83
2023-04-20,1.4,27.1,83
2023-04-21,2.9,26.8,81
2023-04-22,3.0,26.9,73
2023-04-23,3.6,26.5,78
2023-04-24,5.3,25.4,85
2023-04-25,9.0,25.2,88
2023-04-26,5.0,26.3,82
2023-04-27,1.5,26.1,84
2023-04-28,0.8,26.8,80
2023-04-29,1.5,26.5,83
2023-04-30,11.8,25.2,88
2023-05-01,3.2,26.1,84
2023-05-02,0.7,26.2,81
2023-05-03,4.5,25.6,85
2023-05-04,5.7,25.6,87
2023-05-05,2.0,26.9,80
2023-05-06,1.1,26.7,77
2023-05-07,2.1,26.2,82
2023-05-08,1.6,26.2,81
2023-05-09,1.3,26.0,83
2023-05-10,2.4,26.1,83
2023-05-11,1.8,26.1,81
2023-05-12,0.0,27.3,72
2023-05-13,0.5,26.8,77
2023-05-14,1.5,27.1,78
2023-05-15,0.3,27.5,74
2023-05-16,0.7,26.7,80
2023-05-17,2.8,26.4,82
2023-05-18,3.5,26.6,79
2023-05-19,0.3,26.6,78
2023-05-20,16.7,24.6,89
2023-05-21,13.7,25.1,86
2023-05-22,8.8,26.0,85
2023-05-23,11.0,26.0,84
2023-05-24,10.3,25.2,88
2023-05-25,3.8,26.1,82
2023-05-26,5.1,27.0,76
2023-05-27,3.4,26.3,81
2023-05-28,7.0,25.4,86
2023-05-29,6.3,25.1,86
2023-05-30,0.8,26.0,80
2023-05-31,2.6,25.2,86
2023-06-01,1.4,25.6,85
2023-06-02,3.5,26.0,83
2023-06-03,1.9,25.9,81
2023-06-04,2.8,26.0,80
2023-06-05,4.9,24.9,85
2023-06-06,1.9,25.5,82
2023-06-07,4.2,25.1,87
2023-06-08,5.5,25.5,83
2023-06-09,10.4,25.3,84
2023-06-10,2.3,25.7,80
2023-06-11,19.4,24.0,88
2023-06-12,4.6,25.8,80
2023-06-13,2.0,26.1,76
2023-06-14,11.6,24.8,87
2023-06-15,8.7,25.0,87
2023-06-16,4.3,25.6,80
2023-06-17,19.6,25.0,84
2023-06-18,0.5,25.3,82
2023-06-19,1.8,25.1,84
2023-06-20,10.5,24.5,86
2023-06-21,4.4,24.8,80
2023-06-22,7.7,24.1,86
2023-06-23,13.8,24.6,85
2023-06-24,8.8,24.7,81
2023-06-25,18.8,24.3,85
2023-06-26,30.5,24.1,89
2023-06-27,19.2,24.3,87
2023-06-28,6.7,24.4,86
2023-06-29,10.6,24.6,87
2023-06-30,35.5,24.1,89
2023-07-01,3.4,24.5,86
2023-07-02,4.6,23.8,90
2023-07-03,3.8,24.5,85
2023-07-04,2.6,24.7,79
2023-07-05,7.4,24.5,81
2023-07-06,11.9,24.2,88
2023-07-07,27.6,23.6,91
2023-07-08,4.6,24.7,87
2023-07-09,4.1,25.1,80
2023-07-10,0.1,25.4,76
2023-07-11,1.1,24.7,81
2023-07-12,2.2,24.8,81
2023-07-13,1.1,24.3,84
2023-07-14,0.0,25.2,81
2023-07-15,2.3,25.0,84
2023-07-16,2.1,24.0,85
2023-07-17,1.3,24.4,81
2023-07-18,4.3,24.7,80
2023-07-19,4.7,24.7,80
2023-07-20,1.9,25.0,72
2023-07-21,1.7,24.9,72
2023-07-22,7.2,23.8,81
2023-07-23,2.5,24.8,73
2023-07-24,2.9,24.0,82
2023-07-25,3.2,24.5,78
2023-07-26,1.5,25.0,79
2023-07-27,3.5,24.3,86
2023-07-28,3.9,25.1,80
2023-07-29,1.6,24.6,84
2023-07-30,1.4,24.7,84
2023-07-31,0.2,24.3,80
2023-08-01,0.4,24.3,82
2023-08-02,6.7,24.5,86
2023-08-03,4.2,24.8,77
2023-08-04,0.2,24.0,75
2023-08-05,0.8,24.1,80
2023-08-06,6.4,24.9,81
2023-08-07,6.1,24.9,80
2023-08-08,6.1,24.5,84
2023-08-09,0.1,25.2,74
2023-08-10,2.2,24.3,79
2023-08-11,6.9,24.6,77
2023-08-12,1.8,23.9,81
2023-08-13,3.8,23.7,82
2023-08-14,8.9,23.7,82
2023-08-15,1.7,24.8,72
2023-08-16,3.8,24.8,75
2023-08-17,5.3,24.7,79
2023-08-18,6.3,24.4,82
2023-08-19,16.5,24.2,86
2023-08-20,6.9,24.3,87
2023-08-21,4.1,25.3,83
2023-08-22,1.5,25.4,82
2023-08-23,3.1,25.1,82
2023-08-24,2.8,25.3,81
2023-08-25,0.1,25.4,75
2023-08-26,0.1,25.0,84
2023-08-27,0.9,25.6,87
2023-08-28,1.6,25.7,85
2023-08-29,4.4,25.6,85
2023-08-30,1.2,25.7,80
2023-08-31,3.0,25.3,83
2023-09-01,0.0,25.8,73
2023-09-02,7.0,24.9,86
2023-09-03,0.4,25.3,78
2023-09-04,3.3,25.4,79
2023-09-05,3.7,25.3,77
2023-09-06,3.2,24.6,79
2023-09-07,8.4,23.7,86
2023-09-08,5.8,24.5,78
2023-09-09,5.3,24.2,81
2023-09-10,4.5,24.8,78
2023-09-11,3.1,24.8,79
2023-09-12,8.4,24.3,85
2023-09-13,6.1,24.7,83
2023-09-14,1.1,25.4,78
2023-09-15,0.6,25.3,78
2023-09-16,1.4,25.1,79
2023-09-17,4.9,25.1,83
2023-09-18,6.4,25.3,83
2023-09-19,10.8,25.0,86
2023-09-20,2.6,25.5,78
2023-09-21,1.6,25.4,77
2023-09-22,2.4,25.3,79
2023-09-23,5.3,25.1,84
2023-09-24,4.6,25.5,82
2023-09-25,0.2,25.9,79
2023-09-26,0.7,25.9,79
2023-09-27,0.3,25.6,75
2023-09-28,0.0,25.5,78
2023-09-29,1.4,25.8,81
2023-09-30,4.9,25.1,82
2023-10-01,1.9,25.2,77
2023-10-02,0.1,25.6,73
2023-10-03,0.2,26.2,73
2023-10-04,3.4,25.7,74
2023-10-05,0.8,26.4,72
2023-10-06,3.6,26.2,78
2023-10-07,3.4,25.9,80
2023-10-08,4.2,26.0,79
2023-10-09,4.1,26.0,76
2023-10-10,0.2,26.0,73
2023-10-11,2.6,25.5,76
2023-10-12,3.2,25.8,76
2023-10-13,3.3,26.5,75
2023-10-14,2.9,26.3,75
2023-10-15,3.2,25.7,74
2023-10-16,1.9,24.8,76
2023-10-17,4.5,25.0,75
2023-10-18,0.3,24.9,77
2023-10-19,3.0,25.5,77
2023-10-20,2.1,25.9,77
2023-10-21,3.4,26.0,78
2023-10-22,2.7,25.8,77
2023-10-23,0.0,25.9,73
2023-10-24,0.1,26.0,74
2023-10-25,0.8,26.1,74
2023-10-26,0.2,27.0,72
2023-10-27,1.2,27.2,76
2023-10-28,1.2,27.1,71
2023-10-29,1.7,26.4,72
2023-10-30,0.3,26.4,69
2023-10-31,0.3,26.7,70
2023-11-01,0.4,27.3,72
2023-11-02,0.9,27.4,75
2023-11-03,1.4,27.1,76
2023-11-04,2.5,27.1,76
2023-11-05,0.6,27.2,76
2023-11-06,1.1,27.2,73
2023-11-07,5.2,26.4,77
2023-11-08,5.4,26.6,75
2023-11-09,1.3,27.0,69
2023-11-10,1.0,26.8,70
2023-11-11,0.1,27.2,65
2023-11-12,0.6,26.9,66
2023-11-13,0.1,27.0,70
2023-11-14,3.1,27.0,78
2023-11-15,3.4,27.2,76
2023-11-16,2.1,27.2,74
2023-11-17,0.4,27.2,72
2023-11-18,0.4,27.7,70
2023-11-19,1.7,27.4,73
2023-11-20,2.0,27.2,73
2023-11-21,2.4,26.8,75
2023-11-22,2.1,26.9,73
2023-11-23,0.2,27.4,67
2023-11-24,0.0,27.5,66
2023-11-25,0.0,27.1,65
2023-11-26,0.4,27.6,58
2023-11-27,12.9,25.3,83
2023-11-28,6.2,26.1,78
2023-11-29,0.0,26.4,71
2023-11-30,0.5,26.3,79
2023-12-01,0.2,27.0,74
2023-12-02,1.0,26.9,77
2023-12-03,4.0,26.8,82
2023-12-04,2.5,26.4,82
2023-12-05,1.8,26.8,77
2023-12-06,2.9,26.2,77
2023-12-07,3.3,26.4,77
2023-12-08,4.0,27.1,74
2023-12-09,1.7,27.4,71
2023-12-10,0.5,27.3,68
2023-12-11,2.3,26.2,77
2023-12-12,0.0,27.5,69
2023-12-13,0.9,26.9,71
2023-12-14,2.3,26.8,72
2023-12-15,3.0,27.1,74
2023-12-16,0.1,26.6,76
2023-12-17,0.5,26.9,76
2023-12-18,5.7,26.6,79
2023-12-19,60.7,25.5,87
2023-12-20,14.2,25.8,88
2023-12-21,10.6,26.5,83
2023-12-22,1.2,26.8,78
2023-12-23,2.2,26.2,83
2023-12-24,2.4,26.3,83
2023-12-25,1.8,27.1,79
2023-12-26,3.3,26.8,85
2023-12-27,1.1,27.2,81
2023-12-28,0.0,27.2,76
2023-12-29,0.6,26.7,76
2023-12-30,0.0,27.3,72
2023-12-31,1.6,27.3,79
2024-01-01,3.2,26.4,83
2024-01-02,1.8,26.3,83
2024-01-03,0.8,27.2,79
2024-01-04,1.1,27.5,77
2024-01-05,0.8,27.5,78
2024-01-06,0.5,27.7,76
2024-01-07,0.0,27.8,73
2024-01-08,1.4,27.7,74
2024-01-09,0.9,28.0,73
2024-01-10,6.7,27.3,75
2024-01-11,2.5,26.2,81
2024-01-12,0.1,27.1,74
2024-01-13,3.3,26.3,80
2024-01-14,0.4,27.2,76
2024-01-15,0.2,28.0,67
2024-01-16,0.5,27.6,70
2024-01-17,0.2,27.4,73
2024-01-18,1.0,27.2,77
2024-01-19,1.1,27.3,78
2024-01-20,0.6,28.0,74
2024-01-21,0.6,28.3,71
2024-01-22,0.5,28.7,71
2024-01-23,0.4,28.6,73
2024-01-24,1.4,28.3,74
2024-01-25,1.7,28.0,74
2024-01-26,1.8,27.8,78
2024-01-27,1.6,28.0,76
2024-01-28,4.9,27.7,78
2024-01-29,1.7,27.2,79
2024-01-30,0.2,27.8,73
2024-01-31,0.0,27.6,71
2024-02-01,2.7,27.3,77
2024-02-02,0.5,28.5,67
2024-02-03,0.2,28.7,65
2024-02-04,0.2,28.7,67
2024-02-05,1.0,28.4,72
2024-02-06,1.3,27.7,77
2024-02-07,1.5,28.4,74
2024-02-08,1.4,28.7,72
2024-02-09,2.3,28.1,73
2024-02-10,0.5,29.5,63
2024-02-11,6.9,27.0,79
2024-02-12,6.1,27.5,78
2024-02-13,6.0,27.4,81
2024-02-14,2.3,27.2,84
2024-02-15,16.8,26.7,85
2024-02-16,4.2,26.2,86
2024-02-17,10.1,27.1,85
2024-02-18,7.1,26.5,88
2024-02-19,1.6,27.6,85
2024-02-20,2.4,27.8,83
2024-02-21,6.1,26.6,86
2024-02-22,4.8,27.4,83
2024-02-23,5.2,26.6,84
2024-02-24,3.9,27.1,82
2024-02-25,16.7,26.4,85
2024-02-26,2.2,27.8,73
2024-02-27,12.9,26.3,84
2024-02-28,16.9,26.1,86
2024-02-29,0.1,27.0,84
2024-03-01,0.2,27.7,80
2024-03-02,0.3,28.2,81
2024-03-03,2.2,27.7,82
2024-03-04,0.0,28.4,74
2024-03-05,5.4,27.5,81
2024-03-06,2.7,27.4,83
2024-03-07,3.1,28.1,78
2024-03-08,0.8,28.6,71
2024-03-09,11.8,26.8,85
2024-03-10,10.2,27.0,80
2024-03-11,0.5,27.9,77
2024-03-12,4.4,27.2,86
2024-03-13,6.0,27.1,86
2024-03-14,3.8,26.8,88
2024-03-15,1.2,28.2,77
2024-03-16,2.5,28.0,80
2024-03-17,3.3,27.4,84
2024-03-18,2.3,27.5,86
2024-03-19,2.6,28.4,77
2024-03-20,0.0,28.5,71
2024-03-21,4.1,27.4,81
2024-03-22,2.8,27.0,81
2024-03-23,2.9,27.6,78
2024-03-24,1.9,27.0,80
2024-03-25,0.8,27.2,81
2024-03-26,1.4,27.8,81
2024-03-27,13.5,26.5,88
2024-03-28,3.1,27.3,85
2024-03-29,15.0,27.6,82
2024-03-30,13.9,26.8,87
2024-03-31,1.5,27.1,84
2024-04-01,2.2,27.1,85
2024-04-02,1.6,27.6,83
2024-04-03,2.7,27.6,85
2024-04-04,11.7,26.2,89
2024-04-05,0.5,26.9,83
2024-04-06,1.3,27.2,82
2024-04-07,1.2,27.6,80
2024-04-08,1.4,27.6,80
2024-04-09,26.4,26.5,86
2024-04-10,2.4,26.3,89
2024-04-11,0.9,27.3,84
2024-04-12,2.3,27.3,85
2024-04-13,2.1,27.1,85
2024-04-14,2.4,27.1,84
2024-04-15,8.8,26.6,86
2024-04-16,9.0,26.6,88
2024-04-17,0.2,27.4,83
2024-04-18,0.6,27.5,83
2024-04-19,0.5,27.1,86
2024-04-20,1.8,26.4,86
2024-04-21,6.9,26.7,83
2024-04-22,3.7,27.1,85
2024-04-23,1.5,27.1,85
2024-04-24,1.5,27.4,81
2024-04-25,0.0,28.2,74
2024-04-26,5.7,27.4,80
2024-04-27,5.3,27.5,80
2024-04-28,18.3,25.8,87
2024-04-29,5.7,26.5,82
2024-04-30,0.6,27.9,74
2024-05-01,0.8,27.3,79
2024-05-02,0.7,27.0,82
2024-05-03,3.0,27.8,76
2024-05-04,4.6,27.3,78
2024-05-05,3.3,27.3,78
2024-05-06,6.8,26.7,84
2024-05-07,9.5,26.1,88
2024-05-08,6.7,26.2,87
2024-05-09,4.9,26.3,85
2024-05-10,1.2,26.7,81
2024-05-11,0.0,26.4,83
2024-05-12,0.0,26.7,78
2024-05-13,1.1,26.2,84
2024-05-14,1.4,26.5,86
2024-05-15,2.6,26.2,87
2024-05-16,0.9,26.6,81
2024-05-17,12.2,25.4,87
2024-05-18,4.8,25.9,88
2024-05-19,5.7,25.3,90
2024-05-20,0.9,25.6,85
2024-05-21,9.0,26.2,83
2024-05-22,5.3,26.3,80
2024-05-23,7.5,25.9,82
2024-05-24,3.9,26.0,80
2024-05-25,0.2,27.4,71
2024-05-26,2.0,26.2,79
2024-05-27,3.4,25.6,82
2024-05-28,8.2,25.8,84
2024-05-29,5.2,25.3,86
2024-05-30,3.6,25.0,88
2024-05-31,0.7,25.5,82
2024-06-01,2.5,25.7,83
2024-06-02,6.9,26.0,82
2024-06-03,7.7,25.5,85
2024-06-04,5.2,25.4,87
2024-06-05,3.4,25.6,85
2024-06-06,6.4,26.0,80
2024-06-07,8.9,25.9,85
2024-06-08,6.2,26.0,83
2024-06-09,5.6,25.9,82
2024-06-10,0.6,26.6,71
2024-06-11,3.7,25.5,83
2024-06-12,3.0,26.0,80
2024-06-13,5.8,25.9,82
2024-06-14,23.8,25.1,85
2024-06-15,39.1,24.6,88
2024-06-16,7.6,25.7,76
2024-06-17,1.8,25.6,74
2024-06-18,2.1,25.3,77
2024-06-19,3.9,25.5,80
2024-06-20,4.2,24.6,85
2024-06-21,11.7,24.4,87
2024-06-22,11.0,24.9,86
2024-06-23,7.4,25.2,82
2024-06-24,5.7,24.7,85
2024-06-25,7.0,24.5,86
2024-06-26,3.2,25.2,80
2024-06-27,0.7,24.6,83
2024-06-28,0.3,24.5,81
2024-06-29,0.0,24.4,79
2024-06-30,1.4,24.1,84
2024-07-01,0.3,24.6,79
2024-07-02,8.8,24.1,85
2024-07-03,7.0,24.5,83
2024-07-04,4.3,24.8,78
2024-07-05,13.5,24.1,87
2024-07-06,22.9,24.3,90
2024-07-07,5.4,24.1,88
2024-07-08,1.9,24.1,87
2024-07-09,6.4,24.1,88
2024-07-10,4.7,25.3,79
2024-07-11,7.9,24.4,80
2024-07-12,11.8,24.8,81
2024-07-13,3.6,24.4,77
2024-07-14,3.2,25.2,75
2024-07-15,4.0,24.9,77
2024-07-16,0.6,25.3,73
2024-07-17,2.4,25.1,76
2024-07-18,2.1,24.6,78
2024-07-19,1.1,24.8,75
2024-07-20,11.7,22.8,86
2024-07-21,5.1,23.5,82
2024-07-22,5.6,24.4,77
2024-07-23,0.4,24.8,71
2024-07-24,2.1,24.4,74
2024-07-25,2.8,24.1,80
2024-07-26,0.4,25.3,69
2024-07-27,2.1,25.2,76
2024-07-28,2.9,25.3,80
2024-07-29,5.6,24.9,84
2024-07-30,1.3,24.8,82
2024-07-31,2.5,24.5,81
2024-08-01,2.5,24.5,76
2024-08-02,4.1,24.5,76
2024-08-03,5.9,24.3,79
2024-08-04,7.2,24.1,81
2024-08-05,1.1,24.9,72
2024-08-06,2.2,24.1,78
2024-08-07,1.5,24.3,76
2024-08-08,2.9,24.2,80
2024-08-09,1.0,24.2,76
2024-08-10,0.0,23.5,76
2024-08-11,0.5,24.4,83
2024-08-12,0.3,25.5,79
2024-08-13,0.1,25.7,76
2024-08-14,1.9,25.4,73
2024-08-15,1.6,24.9,74
2024-08-16,1.1,25.0,70
2024-08-17,3.0,24.6,69
2024-08-18,5.0,23.8,80
2024-08-19,5.6,24.0,82
2024-08-20,4.9,24.4,79
2024-08-21,3.1,24.6,83
2024-08-22,4.0,25.1,78
2024-08-23,4.8,24.7,78
2024-08-24,2.7,24.6,76
2024-08-25,2.5,24.6,73
2024-08-26,0.3,24.9,75
2024-08-27,3.4,23.8,83
2024-08-28,6.5,23.9,80
2024-08-29,3.8,24.4,76
2024-08-30,1.3,24.5,75
2024-08-31,4.5,24.0,76
2024-09-01,3.2,24.0,77
2024-09-02,1.3,24.4,74
2024-09-03,0.7,24.2,74
2024-09-04,0.7,25.2,67
2024-09-05,0.0,25.2,67
2024-09-06,1.8,24.6,77
2024-09-07,3.0,24.8,79
2024-09-08,9.8,23.1,87
2024-09-09,4.2,24.7,75
2024-09-10,3.6,24.7,73
2024-09-11,3.1,24.1,78
2024-09-12,3.8,24.5,75
2024-09-13,3.5,24.3,79
2024-09-14,3.8,24.5,78
2024-09-15,5.3,24.4,80
2024-09-16,0.8,25.0,74
2024-09-17,1.8,24.3,81
2024-09-18,1.2,25.0,75
2024-09-19,1.5,25.0,74
2024-09-20,1.6,24.8,76
2024-09-21,0.1,25.3,71
2024-09-22,3.2,24.9,78
2024-09-23,0.8,25.2,77
2024-09-24,0.8,25.3,74
2024-09-25,1.9,24.9,75
2024-09-26,1.2,25.2,72
2024-09-27,2.0,25.0,78
2024-09-28,3.0,25.5,80
2024-09-29,2.4,25.6,78
2024-09-30,2.6,25.1,73
2024-10-01,1.2,24.5,76
2024-10-02,4.0,24.9,80
2024-10-03,2.9,25.4,79
2024-10-04,0.3,25.6,73
2024-10-05,0.6,25.5,73
2024-10-06,0.0,24.8,73
2024-10-07,0.5,25.4,75
2024-10-08,0.1,26.0,71
2024-10-09,0.0,26.3,71
2024-10-10,1.4,26.1,76
2024-10-11,0.1,26.2,70
2024-10-12,0.8,26.7,69
2024-10-13,1.1,26.6,73
2024-10-14,1.1,26.1,74
2024-10-15,1.7,25.7,76
2024-10-16,2.3,25.9,76
2024-10-17,0.0,26.7,70
2024-10-18,0.4,26.5,73
2024-10-19,1.4,26.6,70
2024-10-20,0.8,26.7,69
2024-10-21,1.6,26.5,71
2024-10-22,0.6,26.2,70
2024-10-23,1.4,25.6,74
2024-10-24,1.2,26.2,69
2024-10-25,0.3,26.5,68
2024-10-26,2.0,26.5,71
2024-10-27,1.7,27.0,76
2024-10-28,1.9,26.4,75
2024-10-29,1.0,26.1,72
2024-10-30,1.3,26.1,69
2024-10-31,1.1,26.7,72
2024-11-01,0.7,26.6,73
2024-11-02,0.7,26.4,70
2024-11-03,0.1,26.4,68
2024-11-04,0.1,26.7,61
2024-11-05,5.1,26.3,71
2024-11-06,3.1,26.2,73
2024-11-07,1.6,26.1,74
2024-11-08,3.9,26.3,78
2024-11-09,3.7,26.0,80
2024-11-10,1.4,26.2,77
2024-11-11,1.1,26.2,76
2024-11-12,2.3,26.4,76
2024-11-13,1.0,26.8,71
2024-11-14,2.5,26.5,72
2024-11-15,1.3,26.7,67
2024-11-16,1.6,26.4,72
2024-11-17,4.2,26.4,74
2024-11-18,3.1,26.3,73
2024-11-19,1.0,26.7,72
2024-11-20,1.3,26.8,75
2024-11-21,1.0,26.8,75
2024-11-22,0.6,27.1,75
2024-11-23,0.2,27.4,72
2024-11-24,0.4,27.7,70
2024-11-25,0.9,27.8,68
2024-11-26,0.7,27.3,68
2024-11-27,0.6,27.2,67
2024-11-28,2.0,27.0,70
2024-11-29,0.6,27.2,69
2024-11-30,0.0,27.5,61
2024-12-01,2.8,27.1,71
2024-12-02,3.2,25.9,81
2024-12-03,3.2,26.3,79
2024-12-04,2.8,26.2,77
2024-12-05,2.4,26.6,72
2024-12-06,4.5,26.2,75
2024-12-07,3.2,26.2,77
2024-12-08,2.0,26.4,77
2024-12-09,0.4,27.0,68
2024-12-10,1.5,27.2,66
2024-12-11,1.9,27.5,72
2024-12-12,3.1,27.4,75
2024-12-13,1.4,27.3,72
2024-12-14,3.2,27.0,74
2024-12-15,3.5,26.6,79
2024-12-16,3.1,27.2,79
2024-12-17,1.2,27.5,75
2024-12-18,1.3,27.4,78
2024-12-19,5.0,26.7,80
2024-12-20,2.9,26.9,77
2024-12-21,2.7,26.8,79
2024-12-22,2.7,27.2,76
2024-12-23,0.7,27.2,70
2024-12-24,1.6,27.0,74
2024-12-25,1.6,27.0,71
2024-12-26,0.1,27.2,66
2024-12-27,1.6,27.3,69
2024-12-28,3.5,26.7,79
2024-12-29,3.8,27.1,75
2024-12-30,2.1,27.0,78
2024-12-31,2.3,27.0,79
2025-01-01,3.7,27.0,77
2025-01-02,2.3,27.0,77
2025-01-03,1.3,27.2,77
2025-01-04,3.6,27.2,81
2025-01-05,3.8,27.4,79
2025-01-06,3.9,27.0,79
2025-01-07,1.5,27.3,74
2025-01-08,0.0,27.5,70
2025-01-09,1.0,28.1,73
2025-01-10,1.8,27.7,77
2025-01-11,1.3,27.7,76
2025-01-12,10.2,26.3,84
2025-01-13,3.1,25.7,87
2025-01-14,5.5,26.2,85
2025-01-15,0.4,27.3,74
2025-01-16,0.6,26.9,77
2025-01-17,0.9,26.8,74
2025-01-18,0.6,27.4,71
2025-01-19,5.3,26.2,81
2025-01-20,1.9,26.9,78
2025-01-21,2.3,27.5,76
2025-01-22,2.3,27.4,73
2025-01-23,2.0,27.2,71
2025-01-24,0.9,27.7,69
2025-01-25,3.4,26.6,78
2025-01-26,10.6,25.7,83
2025-01-27,12.3,25.8,87
2025-01-28,17.3,25.5,87
2025-01-29,2.5,25.6,86
2025-01-30,3.7,26.8,79
2025-01-31,0.2,27.4,72
2025-02-01,4.3,26.7,78
2025-02-02,0.1,27.4,76
2025-02-03,4.8,26.9,78
2025-02-04,13.4,24.8,87
2025-02-05,23.3,24.6,90
2025-02-06,14.5,25.2,89
2025-02-07,1.4,26.8,75
2025-02-08,1.6,26.3,79
2025-02-09,2.1,26.7,79
2025-02-10,0.5,27.4,73
2025-02-11,3.1,26.8,78
2025-02-12,2.3,27.1,74
2025-02-13,0.5,27.0,75
2025-02-14,1.5,27.1,75
2025-02-15,1.8,26.6,79
2025-02-16,7.1,26.4,83
2025-02-17,2.3,27.1,76
2025-02-18,0.7,27.2,76
2025-02-19,3.2,26.8,80
2025-02-20,1.7,27.5,75
2025-02-21,0.5,27.8,71
2025-02-22,1.8,27.3,76
2025-02-23,2.2,27.3,74
2025-02-24,0.8,27.9,68
2025-02-25,2.5,27.1,73
2025-02-26,0.6,28.0,70
2025-02-27,6.9,26.4,83
2025-02-28,5.8,26.3,82
2025-03-01,4.4,26.7,76
2025-03-02,4.4,26.4,81
2025-03-03,6.0,26.2,83
2025-03-04,2.6,27.2,74
2025-03-05,1.0,27.6,71
2025-03-06,4.8,26.8,79
2025-03-07,9.3,25.8,85
2025-03-08,4.0,26.4,81
2025-03-09,7.1,26.6,80
2025-03-10,2.8,27.1,78
2025-03-11,2.2,27.2,75
2025-03-12,3.4,26.8,80
2025-03-13,2.6,26.8,79
2025-03-14,10.9,25.9,85
2025-03-15,4.8,26.2,85
2025-03-16,12.9,25.8,87
2025-03-17,2.7,26.3,83
2025-03-18,0.6,27.1,77
2025-03-19,0.4,27.9,72
2025-03-20,0.1,28.4,72
2025-03-21,0.6,28.5,70
2025-03-22,0.8,28.1,69
2025-03-23,0.2,28.3,64
2025-03-24,1.3,27.8,65
2025-03-25,1.5,27.5,71
2025-03-26,0.2,28.5,64
2025-03-27,3.4,26.6,82
2025-03-28,2.8,26.4,83
2025-03-29,1.2,27.8,71
2025-03-30,2.3,27.4,75
2025-03-31,1.9,28.2,69
2025-04-01,3.9,26.8,77
2025-04-02,8.5,25.5,87
2025-04-03,0.6,26.9,78
2025-04-04,2.8,27.6,70
2025-04-05,3.2,28.0,70
2025-04-06,6.0,26.9,79
2025-04-07,1.9,27.0,74
2025-04-08,2.1,26.6,81
2025-04-09,1.5,27.3,79
2025-04-10,0.4,28.0,74
2025-04-11,0.6,27.6,81
2025-04-12,3.0,27.7,80
2025-04-13,1.5,27.7,76
2025-04-14,1.5,27.6,77
2025-04-15,3.8,28.0,74
2025-04-16,0.0,28.5,66
2025-04-17,0.4,28.2,68
2025-04-18,0.1,28.8,62
2025-04-19,1.3,28.0,71
2025-04-20,5.5,26.9,81
2025-04-21,1.1,26.9,84
2025-04-22,0.8,27.6,75
2025-04-23,1.7,27.3,75
2025-04-24,6.1,27.0,77
2025-04-25,2.8,27.1,79
2025-04-26,1.4,27.5,76
2025-04-27,0.0,28.4,65
2025-04-28,0.0,28.4,70
2025-04-29,0.8,28.3,71
2025-04-30,0.0,28.1,68
2025-05-01,1.8,27.3,71
2025-05-02,0.5,27.8,67
2025-05-03,0.7,27.5,73
2025-05-04,2.3,27.5,72
2025-05-05,1.0,27.2,76
2025-05-06,1.4,26.8,78
2025-05-07,0.5,28.2,67
2025-05-08,0.5,28.1,69
2025-05-09,3.0,27.7,73
2025-05-10,3.1,27.5,72
2025-05-11,0.6,27.0,76
2025-05-12,0.7,27.4,71
2025-05-13,3.2,26.8,71
2025-05-14,14.5,25.7,80
2025-05-15,63.2,24.5,92
2025-05-16,16.5,24.9,88
2025-05-17,6.8,26.8,74
2025-05-18,19.7,24.9,89
2025-05-19,18.8,25.1,87
2025-05-20,34.6,24.6,91
2025-05-21,36.4,24.3,93
2025-05-22,2.0,25.6,83
2025-05-23,3.1,25.4,87
2025-05-24,9.2,25.5,86
2025-05-25,6.7,25.7,80
2025-05-26,4.6,25.5,82
2025-05-27,5.0,25.1,86
2025-05-28,4.0,25.6,84
2025-05-29,2.3,26.5,78
2025-05-30,4.1,25.3,87
2025-05-31,1.9,25.2,85
2025-06-01,2.3,25.4,83
2025-06-02,3.7,25.7,80
2025-06-03,5.7,25.6,79
2025-06-04,11.1,24.5,88
2025-06-05,4.7,25.1,87
2025-06-06,2.2,25.3,85
2025-06-07,5.5,24.9,87
2025-06-08,2.9,25.4,85
2025-06-09,1.7,25.2,87
2025-06-10,2.4,25.1,86
2025-06-11,2.5,26.1,77
2025-06-12,2.2,25.0,83
2025-06-13,3.4,25.7,77
2025-06-14,12.4,24.3,86
2025-06-15,4.0,25.4,80
2025-06-16,0.1,26.2,72
2025-06-17,9.9,24.9,83
2025-06-18,8.1,24.8,83
2025-06-19,16.1,24.6,86
2025-06-20,8.4,25.1,83
2025-06-21,3.6,25.8,78
2025-06-22,3.4,24.8,87
2025-06-23,5.0,24.9,86
2025-06-24,2.9,25.6,84
2025-06-25,4.0,25.5,82
2025-06-26,14.8,25.1,80
2025-06-27,13.0,24.0,90
2025-06-28,18.3,24.4,88
2025-06-29,16.9,23.7,91
2025-06-30,4.5,24.4,88
2025-07-01,11.3,24.0,88
2025-07-02,8.1,24.3,81
2025-07-03,5.9,23.5,84
2025-07-04,1.9,24.6,80
2025-07-05,0.0,24.5,79
2025-07-06,0.6,24.6,81
2025-07-07,2.4,24.8,81
2025-07-08,5.3,24.5,80
2025-07-09,6.0,23.6,85
2025-07-10,9.2,23.6,88
2025-07-11,14.4,24.2,82
2025-07-12,5.6,23.4,83
2025-07-13,2.4,23.7,83
2025-07-14,6.7,24.0,84
2025-07-15,4.6,24.3,82
2025-07-16,0.3,23.6,81
2025-07-17,1.6,23.7,84
2025-07-18,1.1,24.5,82
2025-07-19,8.3,24.1,87
2025-07-20,6.0,24.0,85
2025-07-21,0.3,24.2,80
2025-07-22,2.4,24.0,85
2025-07-23,6.8,24.3,88
2025-07-24,3.6,25.0,80
2025-07-25,2.5,24.2,77
2025-07-26,1.4,24.3,77
2025-07-27,7.0,24.3,83
2025-07-28,20.1,24.3,89
2025-07-29,5.0,24.5,86
2025-07-30,0.4,25.3,79
2025-07-31,2.4,25.2,78
2025-08-01,2.8,24.3,84
2025-08-02,4.4,24.4,83
2025-08-03,9.8,23.8,86
2025-08-04,15.2,23.5,89
2025-08-05,5.8,23.7,88
2025-08-06,2.0,25.0,77
2025-08-07,2.3,24.3,82
2025-08-08,1.4,24.2,84
2025-08-09,4.6,24.2,86
2025-08-10,0.5,25.2,82
2025-08-11,2.0,25.0,85
2025-08-12,1.8,24.1,85
2025-08-13,0.3,25.5,71
2025-08-14,6.9,24.3,85
2025-08-15,37.4,23.7,91
2025-08-16,7.3,23.9,84
2025-08-17,2.4,24.6,72
2025-08-18,1.7,24.4,74
2025-08-19,5.5,23.4,83
2025-08-20,6.1,23.6,85
2025-08-21,4.9,24.3,82
2025-08-22,3.9,24.4,77
2025-08-23,1.8,23.9,79
2025-08-24,1.5,25.0,77
2025-08-25,3.2,24.7,79
2025-08-26,1.0,25.0,73
2025-08-27,1.5,24.6,79
2025-08-28,5.1,24.1,82
2025-08-29,7.5,24.0,82
2025-08-30,8.5,23.4,85
2025-08-31,16.1,24.5,82
2025-09-01,3.0,25.1,76
2025-09-02,6.2,24.2,81
2025-09-03,5.0,24.1,80
2025-09-04,9.3,24.0,83
2025-09-05,7.8,24.1,86
2025-09-06,5.4,25.1,80
2025-09-07,4.6,24.6,79
2025-09-08,5.6,23.4,88
2025-09-09,1.3,25.0,77
2025-09-10,0.2,25.1,78
2025-09-11,1.1,25.1,78
2025-09-12,1.5,24.6,80
2025-09-13,1.5,25.0,76
2025-09-14,0.1,25.6,70
2025-09-15,1.3,25.5,71
2025-09-16,0.8,25.6,71
2025-09-17,3.6,25.1,76
2025-09-18,3.2,25.2,75
2025-09-19,5.0,24.9,75
2025-09-20,3.7,25.2,78
2025-09-21,6.1,25.1,79
2025-09-22,2.3,25.3,79
2025-09-23,1.8,25.9,74
2025-09-24,6.7,25.4,78
2025-09-25,3.0,25.2,76
2025-09-26,1.4,25.3,69
2025-09-27,0.4,25.3,65
2025-09-28,0.4,25.7,66
2025-09-29,1.3,25.8,69
2025-09-30,13.0,24.2,84
2025-10-01,12.0,23.7,85
2025-10-02,6.5,24.4,78
2025-10-03,2.1,24.8,73
2025-10-04,0.9,25.1,73
2025-10-05,2.3,25.0,75
2025-10-06,1.9,25.1,73
2025-10-07,0.9,25.4,70
2025-10-08,1.6,25.5,77
2025-10-09,2.6,25.4,80
2025-10-10,1.8,25.4,76
2025-10-11,3.0,25.5,78
2025-10-12,2.7,25.7,77
2025-10-13,4.7,25.6,77
2025-10-14,0.6,25.8,72
2025-10-15,2.0,25.5,72
2025-10-16,1.3,25.5,70
2025-10-17,2.5,25.1,78
2025-10-18,2.1,25.7,76
2025-10-19,0.4,26.1,77
2025-10-20,1.9,26.3,77
2025-10-21,2.1,26.0,71
2025-10-22,0.1,26.3,66
2025-10-23,3.3,25.7,74
2025-10-24,5.8,25.4,77
2025-10-25,3.5,25.6,71
2025-10-26,4.7,24.9,75
2025-10-27,4.0,25.6,74
2025-10-28,6.1,25.0,78
2025-10-29,4.2,25.5,76
2025-10-30,1.4,25.6,75
2025-10-31,0.0,25.9,70
2025-11-01,0.3,26.1,67
2025-11-02,0.7,25.6,75
2025-11-03,0.1,26.9,67
2025-11-04,0.6,26.8,70
2025-11-05,0.7,26.7,70
2025-11-06,0.4,26.5,71
2025-11-07,0.2,26.7,73
2025-11-08,0.2,27.1,71
2025-11-09,0.0,27.1,69
2025-11-10,0.5,27.1,67
2025-11-11,1.8,26.6,69
2025-11-12,0.9,26.5,66
2025-11-13,2.5,25.9,70
2025-11-14,1.9,26.2,69
2025-11-15,1.2,26.2,69
2025-11-16,0.1,26.4,68
2025-11-17,0.1,26.9,67
2025-11-18,0.6,27.1,72
2025-11-19,0.1,27.2,67
2025-11-20,0.8,27.2,68
2025-11-21,3.0,26.8,73
2025-11-22,1.0,26.9,72
2025-11-23,1.4,26.6,70
2025-11-24,0.9,26.8,70
2025-11-25,3.0,26.7,75
2025-11-26,2.3,26.8,75
2025-11-27,0.5,27.4,70
2025-11-28,2.0,27.2,70
2025-11-29,1.0,27.1,70
2025-11-30,0.8,27.1,67
2025-12-01,0.0,27.7,59
2025-12-02,4.3,26.8,75
2025-12-03,1.2,26.9,74
2025-12-04,1.3,26.9,77
2025-12-05,0.2,27.8,65
2025-12-06,3.2,26.9,73
2025-12-07,1.0,27.2,70
2025-12-08,3.9,26.5,75
2025-12-09,2.7,26.2,79
2025-12-10,1.7,26.9,72
2025-12-11,0.5,27.3,69
2025-12-12,0.1,27.3,70
2025-12-13,0.7,27.1,69
2025-12-14,0.5,27.2,65
2025-12-15,2.2,27.0,70
2025-12-16,0.6,26.9,70
2025-12-17,0.5,26.9,67
2025-12-18,0.4,27.1,65
2025-12-19,1.1,26.9,70
2025-12-20,1.0,27.2,69
2025-12-21,0.5,27.1,69
2025-12-22,1.7,27.1,68
2025-12-23,3.2,26.3,75
2025-12-24,4.5,25.8,76
2025-12-25,3.0,25.8,78
2025-12-26,2.0,26.5,76
2025-12-27,0.7,27.2,73
2025-12-28,2.8,27.1,77
2025-12-29,1.0,27.3,76
2025-12-30,0.7,27.7,71
2025-12-31,1.9,27.4,70
2026-01-01,0.7,26.9,75
2026-01-02,0.3,27.5,70
2026-01-03,0.3,27.9,68
2026-01-04,0.6,27.6,70
2026-01-05,0.5,27.8,65
2026-01-06,0.7,27.4,67
2026-01-07,0.3,27.7,65
2026-01-08,1.5,26.7,75
2026-01-09,2.2,26.6,77
2026-01-10,2.3,27.5,74
2026-01-11,3.7,27.2,73
2026-01-12,3.0,27.6,68
2026-01-13,1.2,27.6,66
2026-01-14,3.1,27.2,70
2026-01-15,5.7,26.6,77
2026-01-16,5.0,25.9,80
2026-01-17,0.7,27.1,71
2026-01-18,2.2,27.1,73
2026-01-19,4.6,26.9,76
2026-01-20,4.8,26.4,77
2026-01-21,2.7,27.4,68
2026-01-22,1.0,27.5,66
2026-01-23,2.2,27.6,66
2026-01-24,2.8,26.5,76
2026-01-25,6.2,26.1,80
2026-01-26,2.1,27.3,74
2026-01-27,1.1,27.6,71
2026-01-28,3.2,27.2,75
2026-01-29,0.1,27.8,71
2026-01-30,0.2,27.9,69
2026-01-31,0.5,27.9,71
2026-02-01,0.8,27.6,71
2026-02-02,0.4,28.0,68
2026-02-03,0.0,28.3,65
2026-02-04,0.3,28.5,65
2026-02-05,2.5,27.1,74
2026-02-06,1.5,26.7,75
2026-02-07,5.9,25.5,85
2026-02-08,5.9,25.9,83
2026-02-09,1.5,27.3,74
2026-02-10,0.1,27.6,71
2026-02-11,0.8,27.6,69
2026-02-12,8.8,25.3,84
2026-02-13,21.6,25.4,85
2026-02-14,4.3,26.0,83
2026-02-15,5.2,26.1,80
2026-02-16,1.6,26.6,78
2026-02-17,4.1,27.2,75
2026-02-18,2.4,27.2,78
2026-02-19,1.4,27.7,75
2026-02-20,0.3,28.1,70
2026-02-21,0.4,28.3,68
2026-02-22,0.0,28.5,66
2026-02-23,1.5,28.1,73
2026-02-24,3.0,27.3,78
2026-02-25,1.0,28.4,72
2026-02-26,1.8,28.5,70
2026-02-27,1.3,27.8,75
2026-02-28,1.1,27.7,74
2026-03-01,4.6,26.8,80
2026-03-02,7.5,26.7,82
2026-03-03,1.3,26.9,80
2026-03-04,0.0,27.6,70
2026-03-05,6.4,26.6,76
2026-03-06,1.7,27.6,73
2026-03-07,5.0,26.3,80
2026-03-08,1.9,27.4,74
2026-03-09,1.9,28.0,72
2026-03-10,0.0,28.7,66
2026-03-11,0.2,28.5,66
2026-03-12,0.5,28.6,65
2026-03-13,0.8,27.5,78
2026-03-14,0.9,28.5,72
2026-03-15,1.3,28.7,70
2026-03-16,3.0,27.8,75
2026-03-17,1.8,27.7,74
2026-03-18,0.0,28.8,66
2026-03-19,0.0,28.8,64
2026-03-20,0.3,28.9,66
2026-03-21,0.9,28.8,69
2026-03-22,3.5,27.7,77
2026-03-23,1.9,27.7,74
2026-03-24,0.3,28.9,63
2026-03-25,2.2,28.0,71
2026-03-26,5.6,26.2,81
2026-03-27,5.2,26.2,83
2026-03-28,6.2,26.2,83
2026-03-29,3.7,26.7,82
2026-03-30,11.3,25.9,87
2026-03-31,13.2,25.7,88
2026-04-01,23.0,24.9,91
2026-04-02,4.1,25.9,88
2026-04-03,2.1,26.7,83
2026-04-04,5.8,26.8,80
2026-04-05,10.2,25.7,88
2026-04-06,17.1,26.2,86
2026-04-07,28.1,25.4,90
2026-04-08,10.2,25.7,87
2026-04-09,0.2,26.7,77
2026-04-10,0.6,27.1,78
2026-04-11,2.2,27.2,78
2026-04-12,14.6,25.5,88
2026-04-13,3.4,26.3,85
2026-04-14,6.2,26.4,81
2026-04-15,0.8,27.4,74
2026-04-16,2.0,26.1,85
2026-04-17,8.6,26.1,86
2026-04-18,1.3,27.3,82
2026-04-19,5.0,26.7,84
2026-04-20,4.2,26.2,87
2026-04-21,3.0,27.0,78
2026-04-22,1.4,26.7,79
2026-04-23,12.9,26.0,86
2026-04-24,5.6,26.5,80
2026-04-25,5.3,25.8,85
2026-04-26,1.2,26.9,76
2026-04-27,16.7,25.7,86
2026-04-28,18.5,25.1,88
2026-04-29,3.6,26.2,79
2026-04-30,7.1,26.1,82
2026-05-01,35.4,24.7,93
2026-05-02,9.5,25.9,84
2026-05-03,1.1,26.7,80
2026-05-04,8.8,25.9,84
2026-05-05,11.4,25.8,84
2026-05-06,2.0,26.4,80
2026-05-07,11.6,25.3,88
2026-05-08,13.8,25.2,89
2026-05-09,21.5,25.5,89
2026-05-10,6.3,26.4,83
2026-05-11,7.4,25.7,86
2026-05-12,31.1,25.2,91
2026-05-13,21.5,25.7,86
2026-05-14,4.6,26.4,80
2026-05-15,78.5,24.7,90
2026-05-16,17.8,24.9,90
2026-05-17,5.1,25.8,84
2026-05-18,1.3,26.6,78
2026-05-19,2.6,25.9,80
2026-05-20,3.1,26.4,80
2026-05-21,0.8,26.2,78
2026-05-22,1.9,25.8,79
2026-05-23,7.8,25.8,80
2026-05-24,11.3,25.7,80
